,precision,recall,f1-score,support
Negative,0.6341463414634146,0.65,0.6419753086419754,40.0
Neutral,0.5882352941176471,0.5,0.5405405405405405,40.0
Positive,0.5111111111111111,0.575,0.5411764705882353,40.0
accuracy,0.575,0.575,0.575,0.575
macro avg,0.5778309155640576,0.575,0.5745641065902504,120.0
weighted avg,0.5778309155640575,0.575,0.5745641065902504,120.0
