,precision,recall,f1-score,support
Negative,0.725,0.725,0.7250000000000001,120.0
Neutral,0.6857142857142857,0.6,0.64,120.0
Positive,0.6370370370370371,0.7166666666666667,0.6745098039215687,120.0
accuracy,0.6805555555555556,0.6805555555555556,0.6805555555555556,0.6805555555555556
macro avg,0.6825837742504408,0.6805555555555555,0.6798366013071897,360.0
weighted avg,0.6825837742504409,0.6805555555555556,0.6798366013071896,360.0
