,precision,recall,f1-score,support
Negative,0.7019230769230769,0.6083333333333333,0.6517857142857143,120.0
Neutral,0.5964912280701754,0.5666666666666667,0.5811965811965812,120.0
Positive,0.5070422535211268,0.6,0.549618320610687,120.0
accuracy,0.5916666666666667,0.5916666666666667,0.5916666666666667,0.5916666666666667
macro avg,0.6018188528381263,0.5916666666666667,0.5942002053643275,360.0
weighted avg,0.6018188528381263,0.5916666666666667,0.5942002053643276,360.0
