,precision,recall,f1-score,support
Negative,0.6486486486486487,0.6,0.6233766233766234,40.0
Neutral,0.5116279069767442,0.55,0.5301204819277109,40.0
Positive,0.45,0.45,0.45,40.0
accuracy,0.5333333333333333,0.5333333333333333,0.5333333333333333,0.5333333333333333
macro avg,0.536758851875131,0.5333333333333333,0.5344990351014448,120.0
weighted avg,0.536758851875131,0.5333333333333333,0.5344990351014448,120.0
