,precision,recall,f1-score,support
Negative,0.6292134831460674,0.4666666666666667,0.535885167464115,120.0
Neutral,0.54,0.45,0.49090909090909096,120.0
Positive,0.5443786982248521,0.7796610169491526,0.6411149825783973,118.0
accuracy,0.5642458100558659,0.5642458100558659,0.5642458100558659,0.5642458100558659
macro avg,0.5711973937903064,0.565442561205273,0.5559697469838677,358.0
weighted avg,0.5713472189051972,0.5642458100558659,0.5554940752766356,358.0
