,precision,recall,f1-score,support
Negative,0.5652173913043478,0.325,0.4126984126984127,40.0
Neutral,0.5641025641025641,0.55,0.5569620253164557,40.0
Positive,0.46551724137931033,0.675,0.5510204081632654,40.0
accuracy,0.5166666666666667,0.5166666666666667,0.5166666666666667,0.5166666666666667
macro avg,0.5316123989287408,0.5166666666666667,0.5068936153927113,120.0
weighted avg,0.5316123989287408,0.5166666666666667,0.5068936153927112,120.0
