,precision,recall,f1-score,support
Negative,0.6260162601626016,0.6416666666666667,0.6337448559670783,120.0
Neutral,0.6842105263157895,0.5416666666666666,0.6046511627906976,120.0
Positive,0.6071428571428571,0.7203389830508474,0.6589147286821705,118.0
accuracy,0.6340782122905028,0.6340782122905028,0.6340782122905028,0.6340782122905028
macro avg,0.6391232145404161,0.6345574387947269,0.6324369158133155,358.0
weighted avg,0.6393018757549276,0.6340782122905028,0.6322889950710314,358.0
