,precision,recall,f1-score,support
Negative,0.7142857142857143,0.75,0.7317073170731706,120.0
Neutral,0.7425742574257426,0.625,0.6787330316742081,120.0
Positive,0.631578947368421,0.7,0.6640316205533596,120.0
accuracy,0.6916666666666667,0.6916666666666667,0.6916666666666667,0.6916666666666667
macro avg,0.6961463063599593,0.6916666666666668,0.6914906564335794,360.0
weighted avg,0.6961463063599593,0.6916666666666667,0.6914906564335794,360.0
