,precision,recall,f1-score,support
Negative,0.6634615384615384,0.575,0.6160714285714285,120.0
Neutral,0.6605504587155964,0.5901639344262295,0.6233766233766234,122.0
Positive,0.6013513513513513,0.7478991596638656,0.6666666666666666,119.0
accuracy,0.6371191135734072,0.6371191135734072,0.6371191135734072,0.6371191135734072
macro avg,0.6417877828428287,0.6376876980300317,0.6353715728715729,361.0
weighted avg,0.6420037434612138,0.6371191135734072,0.6352184288472377,361.0
