,precision,recall,f1-score,support
Negative,0.5846153846153846,0.6333333333333333,0.608,120.0
Neutral,0.7261904761904762,0.5083333333333333,0.5980392156862744,120.0
Positive,0.5763888888888888,0.7033898305084746,0.633587786259542,118.0
accuracy,0.6145251396648045,0.6145251396648045,0.6145251396648045,0.6145251396648045
macro avg,0.6290649165649166,0.6150188323917137,0.6132090006486054,358.0
weighted avg,0.6293591960491401,0.6145251396648045,0.6130951526842985,358.0
