,precision,recall,f1-score,support
Negative,0.6136363636363636,0.675,0.6428571428571429,40.0
Neutral,0.6875,0.55,0.6111111111111112,40.0
Positive,0.5,0.55,0.5238095238095238,40.0
accuracy,0.5916666666666667,0.5916666666666667,0.5916666666666667,0.5916666666666667
macro avg,0.600378787878788,0.5916666666666667,0.5925925925925926,120.0
weighted avg,0.6003787878787878,0.5916666666666667,0.5925925925925927,120.0
