,precision,recall,f1-score,support
Negative,0.7168141592920354,0.675,0.6952789699570816,120.0
Neutral,0.8557692307692307,0.7295081967213115,0.7876106194690266,122.0
Positive,0.7013888888888888,0.8487394957983193,0.7680608365019012,119.0
accuracy,0.7506925207756233,0.7506925207756233,0.7506925207756233,0.7506925207756233
macro avg,0.7579907596500517,0.7510825641732103,0.7503168086426698,361.0
weighted avg,0.7586892605170863,0.7506925207756233,0.7504742701213222,361.0
