,precision,recall,f1-score,support
Negative,0.6363636363636364,0.525,0.5753424657534246,40.0
Neutral,0.76,0.475,0.5846153846153846,40.0
Positive,0.532258064516129,0.825,0.6470588235294118,40.0
accuracy,0.6083333333333333,0.6083333333333333,0.6083333333333333,0.6083333333333333
macro avg,0.6428739002932552,0.6083333333333333,0.6023388912994071,120.0
weighted avg,0.6428739002932551,0.6083333333333333,0.602338891299407,120.0
