,precision,recall,f1-score,support
Negative,0.6538461538461539,0.425,0.5151515151515152,40.0
Neutral,0.7666666666666667,0.575,0.6571428571428571,40.0
Positive,0.53125,0.85,0.6538461538461537,40.0
accuracy,0.6166666666666667,0.6166666666666667,0.6166666666666667,0.6166666666666667
macro avg,0.6505876068376069,0.6166666666666667,0.6087135087135087,120.0
weighted avg,0.6505876068376069,0.6166666666666667,0.6087135087135087,120.0
