,precision,recall,f1-score,support
Negative,0.7130434782608696,0.6833333333333333,0.6978723404255319,120.0
Neutral,0.8598130841121495,0.7540983606557377,0.8034934497816593,122.0
Positive,0.7266187050359713,0.8487394957983193,0.7829457364341086,119.0
accuracy,0.7617728531855956,0.7617728531855956,0.7617728531855956,0.7617728531855956
macro avg,0.7664917558029968,0.7620570632624634,0.7614371755470999,361.0
weighted avg,0.7671192231364741,0.7617728531855956,0.7616105937952499,361.0
