,precision,recall,f1-score,support
Negative,0.6666666666666666,0.65,0.6582278481012659,120.0
Neutral,0.7352941176470589,0.625,0.6756756756756757,120.0
Positive,0.6187050359712231,0.7288135593220338,0.6692607003891051,118.0
accuracy,0.6675977653631285,0.6675977653631285,0.6675977653631285,0.6675977653631285
macro avg,0.6735552734283162,0.6679378531073445,0.6677214080553489,358.0
weighted avg,0.6738616993358977,0.6675977653631285,0.6677128086568362,358.0
