,precision,recall,f1-score,support
Negative,0.6206896551724138,0.45,0.5217391304347826,40.0
Neutral,0.5833333333333334,0.7,0.6363636363636365,40.0
Positive,0.5348837209302325,0.575,0.5542168674698795,40.0
accuracy,0.575,0.575,0.575,0.575
macro avg,0.5796355698119933,0.575,0.5707732114227662,120.0
weighted avg,0.5796355698119932,0.575,0.5707732114227663,120.0
