,precision,recall,f1-score,support
Negative,0.7155963302752294,0.65,0.6812227074235808,120.0
Neutral,0.5615384615384615,0.6083333333333333,0.584,120.0
Positive,0.5785123966942148,0.5833333333333334,0.5809128630705395,120.0
accuracy,0.6138888888888889,0.6138888888888889,0.6138888888888889,0.6138888888888889
macro avg,0.6185490628359686,0.6138888888888889,0.6153785234980401,360.0
weighted avg,0.6185490628359686,0.6138888888888889,0.6153785234980401,360.0
