,precision,recall,f1-score,support
Negative,0.7155172413793104,0.6916666666666667,0.7033898305084747,120.0
Neutral,0.7321428571428571,0.6833333333333333,0.706896551724138,120.0
Positive,0.6818181818181818,0.75,0.7142857142857143,120.0
accuracy,0.7083333333333334,0.7083333333333334,0.7083333333333334,0.7083333333333334
macro avg,0.7098260934467832,0.7083333333333334,0.7081906988394424,360.0
weighted avg,0.709826093446783,0.7083333333333334,0.7081906988394424,360.0
