,precision,recall,f1-score,support
Negative,0.8130841121495327,0.725,0.7665198237885462,120.0
Neutral,0.7603305785123967,0.7666666666666667,0.7634854771784233,120.0
Positive,0.7424242424242424,0.8166666666666667,0.7777777777777778,120.0
accuracy,0.7694444444444445,0.7694444444444445,0.7694444444444445,0.7694444444444445
macro avg,0.771946311028724,0.7694444444444445,0.7692610262482491,360.0
weighted avg,0.7719463110287239,0.7694444444444445,0.7692610262482491,360.0
