,precision,recall,f1-score,support
Negative,0.6829268292682927,0.7,0.6913580246913581,120.0
Neutral,0.6046511627906976,0.65,0.6265060240963854,120.0
Positive,0.6944444444444444,0.625,0.6578947368421053,120.0
accuracy,0.6583333333333333,0.6583333333333333,0.6583333333333333,0.6583333333333333
macro avg,0.6606741455011449,0.6583333333333333,0.6585862618766163,360.0
weighted avg,0.660674145501145,0.6583333333333333,0.6585862618766163,360.0
