,precision,recall,f1-score,support
Negative,0.6727272727272727,0.6166666666666667,0.6434782608695652,120.0
Neutral,0.693069306930693,0.5833333333333334,0.6334841628959277,120.0
Positive,0.5918367346938775,0.7372881355932204,0.6566037735849056,118.0
accuracy,0.6452513966480447,0.6452513966480447,0.6452513966480447,0.6452513966480447
macro avg,0.652544438117281,0.6457627118644068,0.6445220657834662,358.0
weighted avg,0.6528835872984174,0.6452513966480447,0.6444545702091565,358.0
