,precision,recall,f1-score,support
Negative,0.6444444444444445,0.725,0.6823529411764706,40.0
Neutral,0.6,0.75,0.6666666666666665,40.0
Positive,0.68,0.425,0.5230769230769231,40.0
accuracy,0.6333333333333333,0.6333333333333333,0.6333333333333333,0.6333333333333333
macro avg,0.6414814814814815,0.6333333333333334,0.6240321769733534,120.0
weighted avg,0.6414814814814815,0.6333333333333333,0.6240321769733533,120.0
