,precision,recall,f1-score,support
Negative,0.7657657657657657,0.7083333333333334,0.735930735930736,120.0
Neutral,0.7747747747747747,0.7166666666666667,0.7445887445887446,120.0
Positive,0.7318840579710145,0.8416666666666667,0.7829457364341085,120.0
accuracy,0.7555555555555555,0.7555555555555555,0.7555555555555555,0.7555555555555555
macro avg,0.7574748661705183,0.7555555555555555,0.7544884056511963,360.0
weighted avg,0.7574748661705183,0.7555555555555555,0.7544884056511965,360.0
