,precision,recall,f1-score,support
Negative,0.6486486486486487,0.6,0.6233766233766234,40.0
Neutral,0.6410256410256411,0.625,0.6329113924050633,40.0
Positive,0.6363636363636364,0.7,0.6666666666666666,40.0
accuracy,0.6416666666666667,0.6416666666666667,0.6416666666666667,0.6416666666666667
macro avg,0.642012642012642,0.6416666666666667,0.640984894149451,120.0
weighted avg,0.642012642012642,0.6416666666666667,0.6409848941494511,120.0
