,precision,recall,f1-score,support
Negative,0.6216216216216216,0.575,0.5974025974025973,120.0
Neutral,0.6074074074074074,0.6721311475409836,0.6381322957198444,122.0
Positive,0.6956521739130435,0.6722689075630253,0.6837606837606838,119.0
accuracy,0.6398891966759003,0.6398891966759003,0.6398891966759003,0.6398891966759003
macro avg,0.6415604009806909,0.6398000183680029,0.6397651922943751,361.0
weighted avg,0.6412213490137133,0.6398891966759003,0.63963427460846,361.0
