,precision,recall,f1-score,support
Negative,0.625,0.5416666666666666,0.5803571428571429,120.0
Neutral,0.5271317829457365,0.5666666666666667,0.5461847389558233,120.0
Positive,0.608,0.6440677966101694,0.6255144032921811,118.0
accuracy,0.5837988826815642,0.5837988826815642,0.5837988826815642,0.5837988826815642
macro avg,0.5867105943152455,0.5841337099811676,0.5840187617017157,358.0
weighted avg,0.5865916590879563,0.5837988826815642,0.5837869424749534,358.0
