,precision,recall,f1-score,support
Negative,0.6739130434782609,0.775,0.7209302325581396,40.0
Neutral,0.5576923076923077,0.725,0.6304347826086957,40.0
Positive,0.6818181818181818,0.375,0.48387096774193555,40.0
accuracy,0.625,0.625,0.625,0.625
macro avg,0.6378078443295835,0.625,0.6117453276362569,120.0
weighted avg,0.6378078443295834,0.625,0.611745327636257,120.0
