,precision,recall,f1-score,support
Negative,0.6060606060606061,0.5,0.5479452054794521,40.0
Neutral,0.6585365853658537,0.675,0.6666666666666667,40.0
Positive,0.6521739130434783,0.75,0.6976744186046512,40.0
accuracy,0.6416666666666667,0.6416666666666667,0.6416666666666667,0.6416666666666667
macro avg,0.6389237014899793,0.6416666666666667,0.63742876358359,120.0
weighted avg,0.6389237014899793,0.6416666666666667,0.6374287635835901,120.0
