,precision,recall,f1-score,support
Negative,0.7684210526315789,0.6083333333333333,0.6790697674418604,120.0
Neutral,0.847457627118644,0.819672131147541,0.8333333333333333,122.0
Positive,0.7027027027027027,0.8739495798319328,0.7790262172284644,119.0
accuracy,0.7673130193905817,0.7673130193905817,0.7673130193905817,0.7673130193905817
macro avg,0.7728604608176419,0.767318348104269,0.763809772667886,361.0
weighted avg,0.7734680843376335,0.7673130193905817,0.7641527939331778,361.0
