,precision,recall,f1-score,support
Negative,0.7090909090909091,0.65,0.6782608695652174,120.0
Neutral,0.680672268907563,0.675,0.6778242677824268,120.0
Positive,0.6641221374045801,0.725,0.6932270916334662,120.0
accuracy,0.6833333333333333,0.6833333333333333,0.6833333333333333,0.6833333333333333
macro avg,0.6846284384676841,0.6833333333333335,0.6831040763270367,360.0
weighted avg,0.6846284384676841,0.6833333333333333,0.6831040763270367,360.0
