,precision,recall,f1-score,support
Negative,0.6190476190476191,0.65,0.6341463414634146,40.0
Neutral,0.5333333333333333,0.6,0.5647058823529412,40.0
Positive,0.5151515151515151,0.425,0.4657534246575342,40.0
accuracy,0.5583333333333333,0.5583333333333333,0.5583333333333333,0.5583333333333333
macro avg,0.5558441558441558,0.5583333333333333,0.5548685494912967,120.0
weighted avg,0.5558441558441558,0.5583333333333333,0.5548685494912966,120.0
