,precision,recall,f1-score,support
Negative,0.7717391304347826,0.5916666666666667,0.669811320754717,120.0
Neutral,0.8403361344537815,0.819672131147541,0.8298755186721991,122.0
Positive,0.7133333333333334,0.8991596638655462,0.7955390334572491,119.0
accuracy,0.7700831024930748,0.7700831024930748,0.7700831024930748,0.7700831024930748
macro avg,0.775136199407299,0.7701661538932513,0.7650752909613884,361.0
weighted avg,0.7756686169590081,0.7700831024930748,0.7653499078947008,361.0
