,precision,recall,f1-score,support
Negative,0.6296296296296297,0.425,0.5074626865671642,40.0
Neutral,0.54,0.675,0.6000000000000001,40.0
Positive,0.5813953488372093,0.625,0.6024096385542168,40.0
accuracy,0.575,0.575,0.575,0.575
macro avg,0.5836749928222797,0.5750000000000001,0.569957441707127,120.0
weighted avg,0.5836749928222796,0.575,0.569957441707127,120.0
