,precision,recall,f1-score,support
Negative,0.627906976744186,0.675,0.6506024096385542,40.0
Neutral,0.7352941176470589,0.625,0.6756756756756757,40.0
Positive,0.627906976744186,0.675,0.6506024096385542,40.0
accuracy,0.6583333333333333,0.6583333333333333,0.6583333333333333,0.6583333333333333
macro avg,0.663702690378477,0.6583333333333333,0.6589601649842614,120.0
weighted avg,0.663702690378477,0.6583333333333333,0.6589601649842614,120.0
