,precision,recall,f1-score,support
Negative,0.6078431372549019,0.775,0.6813186813186813,40.0
Neutral,0.5918367346938775,0.725,0.6516853932584269,40.0
Positive,0.7,0.35,0.4666666666666667,40.0
accuracy,0.6166666666666667,0.6166666666666667,0.6166666666666667,0.6166666666666667
macro avg,0.6332266239829265,0.6166666666666667,0.5998902470812584,120.0
weighted avg,0.6332266239829265,0.6166666666666667,0.5998902470812584,120.0
