,precision,recall,f1-score,support
Negative,0.6585365853658537,0.675,0.6666666666666667,120.0
Neutral,0.7741935483870968,0.6,0.676056338028169,120.0
Positive,0.5985915492957746,0.7203389830508474,0.6538461538461537,118.0
accuracy,0.664804469273743,0.664804469273743,0.664804469273743,0.664804469273743
macro avg,0.6771072276829083,0.6651129943502824,0.6655230528469965,358.0
weighted avg,0.6775458627576968,0.664804469273743,0.6655882869196269,358.0
