,precision,recall,f1-score,support
Negative,0.7878787878787878,0.65,0.7123287671232875,120.0
Neutral,0.847457627118644,0.819672131147541,0.8333333333333333,122.0
Positive,0.7152777777777778,0.865546218487395,0.7832699619771863,119.0
accuracy,0.778393351800554,0.778393351800554,0.778393351800554,0.778393351800554
macro avg,0.7835380642584032,0.7784061165449786,0.7763106874779359,361.0
weighted avg,0.7840812759265503,0.778393351800554,0.7766073246447267,361.0
