,precision,recall,f1-score,support
Negative,0.6578947368421053,0.625,0.6410256410256411,40.0
Neutral,0.5471698113207547,0.725,0.6236559139784946,40.0
Positive,0.5517241379310345,0.4,0.463768115942029,40.0
accuracy,0.5833333333333334,0.5833333333333334,0.5833333333333334,0.5833333333333334
macro avg,0.5855962286979649,0.5833333333333334,0.5761498903153882,120.0
weighted avg,0.5855962286979648,0.5833333333333334,0.5761498903153882,120.0
