,precision,recall,f1-score,support
Negative,0.7009345794392523,0.625,0.6607929515418502,120.0
Neutral,0.7387387387387387,0.6833333333333333,0.70995670995671,120.0
Positive,0.6619718309859155,0.7833333333333333,0.717557251908397,120.0
accuracy,0.6972222222222222,0.6972222222222222,0.6972222222222222,0.6972222222222222
macro avg,0.7005483830546355,0.6972222222222223,0.6961023044689858,360.0
weighted avg,0.7005483830546355,0.6972222222222222,0.6961023044689857,360.0
