,precision,recall,f1-score,support
Negative,0.7310924369747899,0.725,0.7280334728033473,120.0
Neutral,0.7433628318584071,0.7,0.7210300429184548,120.0
Positive,0.7421875,0.7916666666666666,0.7661290322580645,120.0
accuracy,0.7388888888888889,0.7388888888888889,0.7388888888888889,0.7388888888888889
macro avg,0.738880922944399,0.7388888888888888,0.738397515993289,360.0
weighted avg,0.738880922944399,0.7388888888888889,0.738397515993289,360.0
