,precision,recall,f1-score,support
Negative,0.7745098039215687,0.6583333333333333,0.7117117117117117,120.0
Neutral,0.8632478632478633,0.8278688524590164,0.8451882845188285,122.0
Positive,0.7323943661971831,0.8739495798319328,0.7969348659003833,119.0
accuracy,0.7867036011080333,0.7867036011080333,0.7867036011080333,0.7867036011080333
macro avg,0.7900506777888716,0.7867172552080941,0.7846116207103079,361.0
weighted avg,0.7906159151365438,0.7867036011080333,0.7849130890826818,361.0
