,precision,recall,f1-score,support
Negative,0.7280701754385965,0.6916666666666667,0.7094017094017094,120.0
Neutral,0.5862068965517241,0.7083333333333334,0.6415094339622641,120.0
Positive,0.6831683168316832,0.575,0.6244343891402716,120.0
accuracy,0.6583333333333333,0.6583333333333333,0.6583333333333333,0.6583333333333333
macro avg,0.6658151296073346,0.6583333333333333,0.6584485108347483,360.0
weighted avg,0.6658151296073347,0.6583333333333333,0.6584485108347484,360.0
