,precision,recall,f1-score,support
Negative,0.7169811320754716,0.6333333333333333,0.672566371681416,120.0
Neutral,0.6698113207547169,0.5916666666666667,0.6283185840707965,120.0
Positive,0.6027397260273972,0.7457627118644068,0.6666666666666666,118.0
accuracy,0.6564245810055865,0.6564245810055865,0.6564245810055865,0.6564245810055865
macro avg,0.6631773929525286,0.6569209039548023,0.655850540806293,358.0
weighted avg,0.6635150335498757,0.6564245810055865,0.6557901155221569,358.0
