,precision,recall,f1-score,support
Negative,0.7254901960784313,0.6166666666666667,0.6666666666666666,120.0
Neutral,0.5735294117647058,0.65,0.609375,120.0
Positive,0.5983606557377049,0.6083333333333333,0.6033057851239669,120.0
accuracy,0.625,0.625,0.625,0.625
macro avg,0.6324600878602807,0.625,0.6264491505968778,360.0
weighted avg,0.6324600878602807,0.625,0.6264491505968779,360.0
