,precision,recall,f1-score,support
Negative,0.7064220183486238,0.6416666666666667,0.6724890829694324,120.0
Neutral,0.7368421052631579,0.7,0.717948717948718,120.0
Positive,0.6934306569343066,0.7916666666666666,0.7392996108949416,120.0
accuracy,0.7111111111111111,0.7111111111111111,0.7111111111111111,0.7111111111111111
macro avg,0.7122315935153628,0.7111111111111111,0.709912470604364,360.0
weighted avg,0.7122315935153627,0.7111111111111111,0.709912470604364,360.0
