,precision,recall,f1-score,support
Negative,0.638095238095238,0.5583333333333333,0.5955555555555555,120.0
Neutral,0.5074626865671642,0.5666666666666667,0.5354330708661418,120.0
Positive,0.5966386554621849,0.6016949152542372,0.5991561181434599,118.0
accuracy,0.5754189944134078,0.5754189944134078,0.5754189944134078,0.5754189944134078
macro avg,0.5807321933748625,0.5755649717514124,0.5767149148550524,358.0
weighted avg,0.5806433304581734,0.5754189944134078,0.5765895450042791,358.0
