,precision,recall,f1-score,support
Negative,0.65625,0.525,0.5833333333333334,40.0
Neutral,0.6341463414634146,0.65,0.6419753086419754,40.0
Positive,0.6170212765957447,0.725,0.6666666666666666,40.0
accuracy,0.6333333333333333,0.6333333333333333,0.6333333333333333,0.6333333333333333
macro avg,0.6358058726863866,0.6333333333333333,0.6306584362139919,120.0
weighted avg,0.6358058726863864,0.6333333333333333,0.6306584362139918,120.0
