,precision,recall,f1-score,support
Negative,0.7909090909090909,0.725,0.7565217391304347,120.0
Neutral,0.7560975609756098,0.775,0.7654320987654322,120.0
Positive,0.7637795275590551,0.8083333333333333,0.785425101214575,120.0
accuracy,0.7694444444444445,0.7694444444444445,0.7694444444444445,0.7694444444444445
macro avg,0.7702620598145852,0.7694444444444445,0.7691263130368139,360.0
weighted avg,0.7702620598145852,0.7694444444444445,0.7691263130368141,360.0
