,precision,recall,f1-score,support
Negative,0.6571428571428571,0.575,0.6133333333333333,120.0
Neutral,0.6068965517241379,0.7213114754098361,0.6591760299625468,122.0
Positive,0.6756756756756757,0.6302521008403361,0.6521739130434783,119.0
accuracy,0.6426592797783933,0.6426592797783933,0.6426592797783933,0.6426592797783933
macro avg,0.6465716948475569,0.6421878587500575,0.6415610921131194,361.0
weighted avg,0.6462712675149394,0.6426592797783933,0.6416292834005669,361.0
