,precision,recall,f1-score,support
Negative,0.6521739130434783,0.75,0.6976744186046512,40.0
Neutral,0.6,0.75,0.6666666666666665,40.0
Positive,0.6666666666666666,0.4,0.5,40.0
accuracy,0.6333333333333333,0.6333333333333333,0.6333333333333333,0.6333333333333333
macro avg,0.6396135265700482,0.6333333333333333,0.6214470284237725,120.0
weighted avg,0.6396135265700483,0.6333333333333333,0.6214470284237726,120.0
