,precision,recall,f1-score,support
Negative,0.7692307692307693,0.6666666666666666,0.7142857142857142,120.0
Neutral,0.7222222222222222,0.65,0.6842105263157895,120.0
Positive,0.6756756756756757,0.8333333333333334,0.746268656716418,120.0
accuracy,0.7166666666666667,0.7166666666666667,0.7166666666666667,0.7166666666666667
macro avg,0.7223762223762223,0.7166666666666667,0.7149216324393072,360.0
weighted avg,0.7223762223762223,0.7166666666666667,0.7149216324393073,360.0
