,precision,recall,f1-score,support
Negative,0.6642857142857143,0.6595744680851063,0.6619217081850535,141.0
Neutral,0.6715328467153284,0.5822784810126582,0.623728813559322,158.0
Positive,0.6542553191489362,0.7409638554216867,0.6949152542372882,166.0
accuracy,0.6623655913978495,0.6623655913978495,0.6623655913978495,0.6623655913978495
macro avg,0.6633579600499929,0.660938934839817,0.6601885919938879,465.0
weighted avg,0.6631674375785612,0.6623655913978495,0.6607226787093661,465.0
