,precision,recall,f1-score,support
Negative,0.7156862745098039,0.6083333333333333,0.6576576576576576,120.0
Neutral,0.584,0.6083333333333333,0.5959183673469387,120.0
Positive,0.6165413533834586,0.6833333333333333,0.6482213438735178,120.0
accuracy,0.6333333333333333,0.6333333333333333,0.6333333333333333,0.6333333333333333
macro avg,0.6387425426310874,0.6333333333333333,0.6339324562927048,360.0
weighted avg,0.6387425426310875,0.6333333333333333,0.6339324562927047,360.0
