,precision,recall,f1-score,support
Negative,0.780952380952381,0.6833333333333333,0.7288888888888889,120.0
Neutral,0.7256637168141593,0.6833333333333333,0.703862660944206,120.0
Positive,0.7112676056338029,0.8416666666666667,0.7709923664122138,120.0
accuracy,0.7361111111111112,0.7361111111111112,0.7361111111111112,0.7361111111111112
macro avg,0.7392945678001145,0.7361111111111112,0.7345813054151029,360.0
weighted avg,0.7392945678001144,0.7361111111111112,0.7345813054151029,360.0
