,precision,recall,f1-score,support
Negative,0.7232142857142857,0.675,0.6982758620689654,120.0
Neutral,0.6293103448275862,0.6083333333333333,0.6186440677966101,120.0
Positive,0.6212121212121212,0.6833333333333333,0.6507936507936507,120.0
accuracy,0.6555555555555556,0.6555555555555556,0.6555555555555556,0.6555555555555556
macro avg,0.6579122505846643,0.6555555555555556,0.6559045268864088,360.0
weighted avg,0.6579122505846644,0.6555555555555556,0.6559045268864087,360.0
