,precision,recall,f1-score,support
Negative,0.711864406779661,0.6176470588235294,0.6614173228346457,136.0
Neutral,0.7281553398058253,0.5434782608695652,0.6224066390041494,138.0
Positive,0.5789473684210527,0.8029197080291971,0.672782874617737,137.0
accuracy,0.6545012165450121,0.6545012165450121,0.6545012165450121,0.6545012165450121
macro avg,0.6729890383355129,0.6546816759074305,0.6522022788188441,411.0
weighted avg,0.673028675642146,0.6545012165450121,0.6521073623131738,411.0
