,precision,recall,f1-score,support
Neutral,0.6446776611694153,0.5328376703841388,0.5834464043419267,807.0
Positive,0.6035283194057567,0.785024154589372,0.6824146981627297,828.0
Negative,0.7192474674384949,0.62125,0.6666666666666666,800.0
accuracy,0.6476386036960986,0.6476386036960986,0.6476386036960986,0.6476386036960986
macro avg,0.6558178160045557,0.6463706083245037,0.6441759230571077,2435.0
weighted avg,0.6551845153932158,0.6476386036960986,0.6444410479326522,2435.0
