,precision,recall,f1-score,support
Neutral,0.5927835051546392,0.5700123915737298,0.5811749842072016,807.0
Positive,0.649365628604383,0.6799516908212561,0.664306784660767,828.0
Negative,0.6742424242424242,0.6675,0.6708542713567839,800.0
accuracy,0.6394250513347023,0.6394250513347023,0.6394250513347023,0.6394250513347023
macro avg,0.6387971860004821,0.6391546941316619,0.6387786800749176,2435.0
weighted avg,0.6387864347179312,0.6394250513347023,0.638906631227825,2435.0
