,precision,recall,f1-score,support
Neutral,0.5835322195704057,0.6059479553903345,0.5945288753799391,807.0
Positive,0.6541717049576784,0.6533816425120773,0.6537764350453172,828.0
Negative,0.6844155844155844,0.65875,0.6713375796178344,800.0
accuracy,0.6394250513347023,0.6394250513347023,0.6394250513347023,0.6394250513347023
macro avg,0.6407065029812228,0.6393598659674705,0.639880963347697,2435.0
weighted avg,0.6406969775896273,0.6394250513347023,0.6399103713935939,2435.0
