,precision,recall,f1-score,support
Neutral,0.5980024968789014,0.5935563816604709,0.595771144278607,807.0
Positive,0.6608187134502924,0.6823671497584541,0.6714200831847891,828.0
Negative,0.6790757381258024,0.66125,0.670044331855605,800.0
accuracy,0.6459958932238193,0.6459958932238193,0.6459958932238193,0.6459958932238193
macro avg,0.6459656494849987,0.645724510472975,0.645745186439667,2435.0
weighted avg,0.6459985627181755,0.6459958932238193,0.6458967588477721,2435.0
