,precision,recall,f1-score,support
Neutral,0.6595419847328244,0.5353159851301115,0.590971272229822,807.0
Positive,0.5808383233532934,0.8200483091787439,0.6800200300450676,828.0
Negative,0.7495908346972177,0.5725,0.6491849751948972,800.0
accuracy,0.6443531827515401,0.6443531827515401,0.6443531827515401,0.6443531827515401
macro avg,0.6633237142611118,0.6426214314362851,0.6400587591565956,2435.0
weighted avg,0.6623643454512076,0.6443531827515401,0.6403771588183573,2435.0
