,precision,recall,f1-score,support
Neutral,0.6060225846925973,0.5985130111524164,0.6022443890274315,807.0
Positive,0.6612339930151339,0.6859903381642513,0.6733847065797274,828.0
Negative,0.6790757381258024,0.66125,0.670044331855605,800.0
accuracy,0.648870636550308,0.648870636550308,0.648870636550308,0.648870636550308
macro avg,0.6487774386111779,0.6485844497722225,0.6485578091542546,2435.0
weighted avg,0.6487977669667756,0.648870636550308,0.6487101537895834,2435.0
