,precision,recall,f1-score,support
Neutral,0.6527570789865872,0.5427509293680297,0.5926928281461435,807.0
Positive,0.6055813953488373,0.7862318840579711,0.6841828691539675,828.0
Negative,0.7242380261248186,0.62375,0.6702484889187373,800.0
accuracy,0.6521560574948665,0.6521560574948665,0.6521560574948665,0.6521560574948665
macro avg,0.6608588334867477,0.6509109378086669,0.6490413954062828,2435.0
weighted avg,0.6601999092364961,0.6521560574948665,0.649283498607151,2435.0
