,precision,recall,f1-score,support
Neutral,0.5911330049261084,0.5947955390334573,0.5929586164298951,807.0
Positive,0.660069848661234,0.6847826086956522,0.6721991701244814,828.0
Negative,0.6714659685863874,0.64125,0.6560102301790282,800.0
accuracy,0.6406570841889117,0.6406570841889117,0.6406570841889117,0.6406570841889117
macro avg,0.6408896073912432,0.6402760492430365,0.6403893389111349,2435.0
weighted avg,0.6409671230127234,0.6406570841889117,0.6406187681582005,2435.0
