,precision,recall,f1-score,support
Neutral,0.5901840490797546,0.5960346964064436,0.5930949445129469,807.0
Positive,0.6728624535315985,0.6557971014492754,0.6642201834862386,828.0
Negative,0.6531365313653137,0.66375,0.6584004959702418,800.0
accuracy,0.6386036960985626,0.6386036960985626,0.6386036960985626,0.6386036960985626
macro avg,0.6387276779922223,0.6385272659519062,0.6385718746564758,2435.0
weighted avg,0.6389806423916946,0.6386036960985626,0.6387360693736128,2435.0
